INSERT INTO Pessoa (CPF, Nome, Data_Nascimento, Sexo) VALUES ('139.006.615-02', 'Luan Barbosa', to_date('12/11/1998', 'DD/MM/YYYY'), 'M');
INSERT INTO Pessoa (CPF, Nome, Data_Nascimento, Sexo) VALUES ('401.199.529-04', 'Matheus Monteiro', to_date('12/11/1998', 'DD/MM/YYYY'), 'M');
INSERT INTO Pessoa (CPF, Nome, Data_Nascimento, Sexo) VALUES ('735.502.247-45', 'Raul Pereira', to_date('12/11/1998', 'DD/MM/YYYY'), 'M');
INSERT INTO Pessoa (CPF, Nome, Data_Nascimento, Sexo) VALUES ('531.023.642-25', 'Alexandre Freitas', to_date('12/11/1998', 'DD/MM/YYYY'), 'M');
INSERT INTO Pessoa (CPF, Nome, Data_Nascimento, Sexo) VALUES ('780.751.016-18', 'Calebe Carvalho', to_date('12/11/1998', 'DD/MM/YYYY'), 'M');
INSERT INTO Pessoa (CPF, Nome, Data_Nascimento, Sexo) VALUES ('630.381.717-35', 'Breno Almeida', to_date('12/11/1998', 'DD/MM/YYYY'), 'M');
INSERT INTO Pessoa (CPF, Nome, Data_Nascimento, Sexo) VALUES ('777.075.972-22', 'Julio Barbosa', to_date('12/11/1998', 'DD/MM/YYYY'), 'M');
INSERT INTO Pessoa (CPF, Nome, Data_Nascimento, Sexo) VALUES ('243.171.839-51', 'Felipe Castro', to_date('12/11/1998', 'DD/MM/YYYY'), 'M');
INSERT INTO Pessoa (CPF, Nome, Data_Nascimento, Sexo) VALUES ('982.324.431-62', 'Enzo dos Santos', to_date('12/11/1998', 'DD/MM/YYYY'), 'M');
INSERT INTO Pessoa (CPF, Nome, Data_Nascimento, Sexo) VALUES ('749.216.564-10', 'João Costa', to_date('12/11/1998', 'DD/MM/YYYY'), 'M');
INSERT INTO Pessoa (CPF, Nome, Data_Nascimento, Sexo) VALUES ('521.432.323-23', 'Maria da Silva', to_date('12/11/1998', 'DD/MM/YYYY'), 'F');
INSERT INTO Pessoa (CPF, Nome, Data_Nascimento, Sexo) VALUES ('809.860.456-03', 'Valentina Meira', to_date('12/11/1998', 'DD/MM/YYYY'), 'F');
INSERT INTO Pessoa (CPF, Nome, Data_Nascimento, Sexo) VALUES ('094.124.341-54', 'Luiza Oliveira', to_date('12/11/1998', 'DD/MM/YYYY'), 'F');
INSERT INTO Pessoa (CPF, Nome, Data_Nascimento, Sexo) VALUES ('187.087.203-86', 'Lorena Alves', to_date('12/11/1998', 'DD/MM/YYYY'), 'F');
INSERT INTO Pessoa (CPF, Nome, Data_Nascimento, Sexo) VALUES ('278.082.930-71', 'Juliana Damazio', to_date('12/11/1998', 'DD/MM/YYYY'), 'F');
INSERT INTO Pessoa (CPF, Nome, Data_Nascimento, Sexo) VALUES ('684.425.069-16', 'Carolina Melo', to_date('12/11/1998', 'DD/MM/YYYY'), 'F');
INSERT INTO Pessoa (CPF, Nome, Data_Nascimento, Sexo) VALUES ('707.328.369-62', 'Bianca Almeida', to_date('12/11/1998', 'DD/MM/YYYY'), 'F');
INSERT INTO Pessoa (CPF, Nome, Data_Nascimento, Sexo) VALUES ('412.405.948-91', 'Larissa Santana', to_date('12/11/1998', 'DD/MM/YYYY'), 'F');
INSERT INTO Pessoa (CPF, Nome, Data_Nascimento, Sexo) VALUES ('216.309.588-46', 'Joana Barros', to_date('12/11/1998', 'DD/MM/YYYY'), 'F');
INSERT INTO Pessoa (CPF, Nome, Data_Nascimento, Sexo) VALUES ('468.654.623-49', 'Ana Pereira', to_date('12/11/1998', 'DD/MM/YYYY'), 'F');
INSERT INTO Pessoa (CPF, Nome, Data_Nascimento, Sexo) VALUES ('051.537.857-60', 'Rachel Berry', to_date('12/11/1998', 'DD/MM/YYYY'), 'F');
INSERT INTO Pessoa (CPF, Nome, Data_Nascimento, Sexo) VALUES ('376.566.073-52', 'Lea Michele', to_date('12/11/1998', 'DD/MM/YYYY'), 'F');
INSERT INTO Pessoa (CPF, Nome, Data_Nascimento, Sexo) VALUES ('834.359.797-88', 'Marina Diamandis', to_date('12/11/1998', 'DD/MM/YYYY'), 'F');
INSERT INTO Pessoa (CPF, Nome, Data_Nascimento, Sexo) VALUES ('578.617.779-46', 'Hayley Williams', to_date('12/11/1998', 'DD/MM/YYYY'), 'F');
INSERT INTO Pessoa (CPF, Nome, Data_Nascimento, Sexo) VALUES ('883.500.855-67', 'Blue Ivy', to_date('12/11/1998', 'DD/MM/YYYY'), 'F');
INSERT INTO Pessoa (CPF, Nome, Data_Nascimento, Sexo) VALUES ('399.254.316-11', 'Gabriela Sá', to_date('12/11/1998', 'DD/MM/YYYY'), 'F');
INSERT INTO Pessoa (CPF, Nome, Data_Nascimento, Sexo) VALUES ('813.216.662-91', 'Andrea Domingues', to_date('12/11/1998', 'DD/MM/YYYY'), 'F');
INSERT INTO Pessoa (CPF, Nome, Data_Nascimento, Sexo) VALUES ('014.553.213-62', 'Paula Gomes', to_date('12/11/1998', 'DD/MM/YYYY'), 'F');
INSERT INTO Pessoa (CPF, Nome, Data_Nascimento, Sexo) VALUES ('833.890.179-29', 'Luana Vaz', to_date('12/11/1998', 'DD/MM/YYYY'), 'F');
INSERT INTO Pessoa (CPF, Nome, Data_Nascimento, Sexo) VALUES ('259.733.177-28', 'Marília Costa', to_date('12/11/1998', 'DD/MM/YYYY'), 'F');
INSERT INTO Pessoa (CPF, Nome, Data_Nascimento, Sexo) VALUES ('590.149.747-98', 'Genilda Galiza', to_date('12/11/1998', 'DD/MM/YYYY'), 'F');
INSERT INTO Pessoa (CPF, Nome, Data_Nascimento, Sexo) VALUES ('155.312.727-06', 'Beatriz Nunes', to_date('12/11/1998', 'DD/MM/YYYY'), 'F');
INSERT INTO Pessoa (CPF, Nome, Data_Nascimento, Sexo) VALUES ('210.103.866-27', 'Camila Cabello', to_date('12/11/1998', 'DD/MM/YYYY'), 'F');
INSERT INTO Pessoa (CPF, Nome, Data_Nascimento, Sexo) VALUES ('414.723.445-27', 'Débora Fernandes', to_date('12/11/1998', 'DD/MM/YYYY'), 'F');
INSERT INTO Pessoa (CPF, Nome, Data_Nascimento, Sexo) VALUES ('443.154.732-92', 'Eva Green', to_date('12/11/1998', 'DD/MM/YYYY'), 'F');
INSERT INTO Pessoa (CPF, Nome, Data_Nascimento, Sexo) VALUES ('707.036.032-22', 'Flora Simas', to_date('12/11/1998', 'DD/MM/YYYY'), 'F');
INSERT INTO Pessoa (CPF, Nome, Data_Nascimento, Sexo) VALUES ('468.511.942-29', 'Marina Barros', to_date('12/11/1998', 'DD/MM/YYYY'), 'F');
INSERT INTO Pessoa (CPF, Nome, Data_Nascimento, Sexo) VALUES ('759.072.407-52', 'Karen Garcia', to_date('12/11/1998', 'DD/MM/YYYY'), 'F');
INSERT INTO Pessoa (CPF, Nome, Data_Nascimento, Sexo) VALUES ('896.430.231-25', 'Nivea Andrade', to_date('12/11/1998', 'DD/MM/YYYY'), 'F');
INSERT INTO Pessoa (CPF, Nome, Data_Nascimento, Sexo) VALUES ('828.645.635-81', 'Olga Serra', to_date('12/11/1998', 'DD/MM/YYYY'), 'F');

-- Endereço_Pessoa
INSERT INTO Endereco_Pessoa (CPF_Pessoa, CEP, Cidade, Estado, Pais, Bairro, Rua, Numero, Complemento) VALUES ('735.502.247-45', '54546-565', 'Olinda', 'Pernambuco', 'Brasil', 'Casa Caiada', 'Rua Pintor Manoel Bandeira', 123, NULL);  
INSERT INTO Endereco_Pessoa (CPF_Pessoa, CEP, Cidade, Estado, Pais, Bairro, Rua, Numero, Complemento) VALUES ('401.199.529-04', '54545-401', 'Recife', 'Pernambuco', 'Brasil', 'Boa Vista', 'Avenida Conda da Boa Vista', 123, NULL);
INSERT INTO Endereco_Pessoa (CPF_Pessoa, CEP, Cidade, Estado, Pais, Bairro, Rua, Numero, Complemento) VALUES ('139.006.615-02', '54545-402', 'Recife', 'Pernambuco', 'Brasil', 'Boa Vista', 'Rua da Aurora', 122, NULL);
INSERT INTO Endereco_Pessoa (CPF_Pessoa, CEP, Cidade, Estado, Pais, Bairro, Rua, Numero, Complemento) VALUES ('531.023.642-25', '54545-403', 'Recife', 'Pernambuco', 'Brasil', 'Boa Vista', 'Avenida Cruz Cabugá', 124, NULL);
INSERT INTO Endereco_Pessoa (CPF_Pessoa, CEP, Cidade, Estado, Pais, Bairro, Rua, Numero, Complemento) VALUES ('780.751.016-18', '54545-404', 'Recife', 'Pernambuco', 'Brasil', 'Santo Amaro', 'Avenida Visconde de Suassuna', 125, NULL);
INSERT INTO Endereco_Pessoa (CPF_Pessoa, CEP, Cidade, Estado, Pais, Bairro, Rua, Numero, Complemento) VALUES ('630.381.717-35', '54545-405', 'Recife', 'Pernambuco', 'Brasil', 'Boa Vista', 'Rua Tabira', 12, NULL);
INSERT INTO Endereco_Pessoa (CPF_Pessoa, CEP, Cidade, Estado, Pais, Bairro, Rua, Numero, Complemento) VALUES ('777.075.972-22', '54545-406', 'Recife', 'Pernambuco', 'Brasil', 'Boa Vista', 'Rua Imperatriz Teresa Cristina', 123, NULL);
INSERT INTO Endereco_Pessoa (CPF_Pessoa, CEP, Cidade, Estado, Pais, Bairro, Rua, Numero, Complemento) VALUES ('243.171.839-51', '54545-407', 'Recife', 'Pernambuco', 'Brasil', 'Boa Vista', 'Rua Velha', 11, NULL);
INSERT INTO Endereco_Pessoa (CPF_Pessoa, CEP, Cidade, Estado, Pais, Bairro, Rua, Numero, Complemento) VALUES ('982.324.431-62', '54545-408', 'Recife', 'Pernambuco', 'Brasil', 'Boa Vista', 'Rua Aragão', 123, NULL);
INSERT INTO Endereco_Pessoa (CPF_Pessoa, CEP, Cidade, Estado, Pais, Bairro, Rua, Numero, Complemento) VALUES ('749.216.564-10', '54545-409', 'Recife', 'Pernambuco', 'Brasil', 'Boa Vista', 'Avenida Manoel Borba', 156, NULL);
INSERT INTO Endereco_Pessoa (CPF_Pessoa, CEP, Cidade, Estado, Pais, Bairro, Rua, Numero, Complemento) VALUES ('521.432.323-23', '54545-410', 'Recife', 'Pernambuco', 'Brasil', 'Boa Vista', 'Rua José de Alencar', 67, NULL);
INSERT INTO Endereco_Pessoa (CPF_Pessoa, CEP, Cidade, Estado, Pais, Bairro, Rua, Numero, Complemento) VALUES ('809.860.456-03', '54545-411', 'Recife', 'Pernambuco', 'Brasil', 'Boa Vista', 'Rua Padre Inglês', 31, NULL);
INSERT INTO Endereco_Pessoa (CPF_Pessoa, CEP, Cidade, Estado, Pais, Bairro, Rua, Numero, Complemento) VALUES ('094.124.341-54', '54545-412', 'Recife', 'Pernambuco', 'Brasil', 'Boa Vista', 'Avenida Conda da Boa Vista', 222, NULL);
INSERT INTO Endereco_Pessoa (CPF_Pessoa, CEP, Cidade, Estado, Pais, Bairro, Rua, Numero, Complemento) VALUES ('187.087.203-86', '54545-413', 'Recife', 'Pernambuco', 'Brasil', 'Boa Vista', 'Avenida Conda da Boa Vista', 333, NULL);
INSERT INTO Endereco_Pessoa (CPF_Pessoa, CEP, Cidade, Estado, Pais, Bairro, Rua, Numero, Complemento) VALUES ('278.082.930-71', '54545-414', 'Recife', 'Pernambuco', 'Brasil', 'Boa Vista', 'Avenida Conda da Boa Vista', 444, NULL);
INSERT INTO Endereco_Pessoa (CPF_Pessoa, CEP, Cidade, Estado, Pais, Bairro, Rua, Numero, Complemento) VALUES ('684.425.069-16', '54545-414', 'Recife', 'Pernambuco', 'Brasil', 'Boa Vista', 'Avenida Conda da Boa Vista', 444, NULL);
INSERT INTO Endereco_Pessoa (CPF_Pessoa, CEP, Cidade, Estado, Pais, Bairro, Rua, Numero, Complemento) VALUES ('707.328.369-62', '54545-415', 'Recife', 'Pernambuco', 'Brasil', 'Boa Vista', 'Rua Artur Orlando', 19, NULL);
INSERT INTO Endereco_Pessoa (CPF_Pessoa, CEP, Cidade, Estado, Pais, Bairro, Rua, Numero, Complemento) VALUES ('412.405.948-91', '54545-416', 'Recife', 'Pernambuco', 'Brasil', 'Boa Vista', 'Rua Luiz Barbalho', 121, NULL);
INSERT INTO Endereco_Pessoa (CPF_Pessoa, CEP, Cidade, Estado, Pais, Bairro, Rua, Numero, Complemento) VALUES ('216.309.588-46', '54545-417', 'Recife', 'Pernambuco', 'Brasil', 'Boa Vista', 'Rua Dom Bosco', 213, NULL);
INSERT INTO Endereco_Pessoa (CPF_Pessoa, CEP, Cidade, Estado, Pais, Bairro, Rua, Numero, Complemento) VALUES ('468.654.623-49', '54545-418', 'Recife', 'Pernambuco', 'Brasil', 'Boa Vista', 'Rua Henrique Dias', 123, NULL);
INSERT INTO Endereco_Pessoa (CPF_Pessoa, CEP, Cidade, Estado, Pais, Bairro, Rua, Numero, Complemento) VALUES ('051.537.857-60', '54545-419', 'Recife', 'Pernambuco', 'Brasil', 'Boa Vista', 'Rua das Fronteiras', 97, NULL);
INSERT INTO Endereco_Pessoa (CPF_Pessoa, CEP, Cidade, Estado, Pais, Bairro, Rua, Numero, Complemento) VALUES ('376.566.073-52', '54545-420', 'Recife', 'Pernambuco', 'Brasil', 'Boa Vista', 'Rua Mario Domingues', 120, NULL);
INSERT INTO Endereco_Pessoa (CPF_Pessoa, CEP, Cidade, Estado, Pais, Bairro, Rua, Numero, Complemento) VALUES ('834.359.797-88', '54545-421', 'Recife', 'Pernambuco', 'Brasil', 'Boa Vista', 'Rua Joaquim de Brito', 70, NULL);
INSERT INTO Endereco_Pessoa (CPF_Pessoa, CEP, Cidade, Estado, Pais, Bairro, Rua, Numero, Complemento) VALUES ('578.617.779-46', '54545-422', 'Recife', 'Pernambuco', 'Brasil', 'Boa Vista', 'Rua Marques Amorim', 13, NULL);
INSERT INTO Endereco_Pessoa (CPF_Pessoa, CEP, Cidade, Estado, Pais, Bairro, Rua, Numero, Complemento) VALUES ('883.500.855-67', '54545-423', 'Recife', 'Pernambuco', 'Brasil', 'Boa Vista', 'Rua da Matriz', 39, NULL);
INSERT INTO Endereco_Pessoa (CPF_Pessoa, CEP, Cidade, Estado, Pais, Bairro, Rua, Numero, Complemento) VALUES ('399.254.316-11', '54545-424', 'Recife', 'Pernambuco', 'Brasil', 'Boa Vista', 'Rua do Hospício', 47, NULL);
INSERT INTO Endereco_Pessoa (CPF_Pessoa, CEP, Cidade, Estado, Pais, Bairro, Rua, Numero, Complemento) VALUES ('813.216.662-91', '54545-425', 'Recife', 'Pernambuco', 'Brasil', 'Boa Vista', 'Avenida Conda da Boa Vista', 75, NULL);
INSERT INTO Endereco_Pessoa (CPF_Pessoa, CEP, Cidade, Estado, Pais, Bairro, Rua, Numero, Complemento) VALUES ('014.553.213-62', '54545-426', 'Recife', 'Pernambuco', 'Brasil', 'Boa Vista', 'Rua José de Alencar', 273, NULL);
INSERT INTO Endereco_Pessoa (CPF_Pessoa, CEP, Cidade, Estado, Pais, Bairro, Rua, Numero, Complemento) VALUES ('833.890.179-29', '54545-427', 'Recife', 'Pernambuco', 'Brasil', 'Boa Vista', 'Rua Bulhões Marquês', 26, NULL);
INSERT INTO Endereco_Pessoa (CPF_Pessoa, CEP, Cidade, Estado, Pais, Bairro, Rua, Numero, Complemento) VALUES ('259.733.177-28', '54545-428', 'Recife', 'Pernambuco', 'Brasil', 'Boa Vista', 'Rua do Riachuelo', 81, NULL);
INSERT INTO Endereco_Pessoa (CPF_Pessoa, CEP, Cidade, Estado, Pais, Bairro, Rua, Numero, Complemento) VALUES ('590.149.747-98', '54545-429', 'Recife', 'Pernambuco', 'Brasil', 'Boa Vista', 'Rua da Saudade', 25, NULL);
INSERT INTO Endereco_Pessoa (CPF_Pessoa, CEP, Cidade, Estado, Pais, Bairro, Rua, Numero, Complemento) VALUES ('155.312.727-06', '54545-430', 'Recife', 'Pernambuco', 'Brasil', 'Boa Vista', 'Rua da União', 98, NULL);
INSERT INTO Endereco_Pessoa (CPF_Pessoa, CEP, Cidade, Estado, Pais, Bairro, Rua, Numero, Complemento) VALUES ('210.103.866-27', '54545-431', 'Recife', 'Pernambuco', 'Brasil', 'Boa Vista', 'Rua Professor Cândido Duarte', 56, NULL);
INSERT INTO Endereco_Pessoa (CPF_Pessoa, CEP, Cidade, Estado, Pais, Bairro, Rua, Numero, Complemento) VALUES ('414.723.445-27', '54545-432', 'Recife', 'Pernambuco', 'Brasil', 'Boa Vista', 'Rua General Joaquim Inácio', 67, NULL);
INSERT INTO Endereco_Pessoa (CPF_Pessoa, CEP, Cidade, Estado, Pais, Bairro, Rua, Numero, Complemento) VALUES ('443.154.732-92', '54545-433', 'Recife', 'Pernambuco', 'Brasil', 'Boa Vista', 'Rua José de Alencar', 100, NULL);
INSERT INTO Endereco_Pessoa (CPF_Pessoa, CEP, Cidade, Estado, Pais, Bairro, Rua, Numero, Complemento) VALUES ('707.036.032-22', '54545-434', 'Recife', 'Pernambuco', 'Brasil', 'Boa Vista', 'Avenida Conda da Boa Vista', 321, NULL);
INSERT INTO Endereco_Pessoa (CPF_Pessoa, CEP, Cidade, Estado, Pais, Bairro, Rua, Numero, Complemento) VALUES ('468.511.942-29', '54545-435', 'Recife', 'Pernambuco', 'Brasil', 'Boa Vista', 'Rua do Giriquiti', 93, NULL);
INSERT INTO Endereco_Pessoa (CPF_Pessoa, CEP, Cidade, Estado, Pais, Bairro, Rua, Numero, Complemento) VALUES ('759.072.407-52', '54545-436', 'Recife', 'Pernambuco', 'Brasil', 'Boa Vista', 'Rua do Sossego', 50, NULL);
INSERT INTO Endereco_Pessoa (CPF_Pessoa, CEP, Cidade, Estado, Pais, Bairro, Rua, Numero, Complemento) VALUES ('896.430.231-25', '54545-437', 'Recife', 'Pernambuco', 'Brasil', 'Boa Vista', 'Rua do Príncioe', 374, NULL);
INSERT INTO Endereco_Pessoa (CPF_Pessoa, CEP, Cidade, Estado, Pais, Bairro, Rua, Numero, Complemento) VALUES ('828.645.635-81', '54545-438', 'Recife', 'Pernambuco', 'Brasil', 'Boa Vista', 'Rua Sete de Setembro', 29, NULL);

-- Telefone_Pessoa
INSERT INTO Telefone_Pessoa (CPF_Pessoa, Telefone) VALUES ('139.006.615-02', '+5581989381346');
INSERT INTO Telefone_Pessoa (CPF_Pessoa, Telefone) VALUES ('401.199.529-04', '+5581999450000');
INSERT INTO Telefone_Pessoa (CPF_Pessoa, Telefone) VALUES ('735.502.247-45', '+5581992990001');
INSERT INTO Telefone_Pessoa (CPF_Pessoa, Telefone) VALUES ('531.023.642-25', '+5581999870002');
INSERT INTO Telefone_Pessoa (CPF_Pessoa, Telefone) VALUES ('780.751.016-18', '+5581999990003');
INSERT INTO Telefone_Pessoa (CPF_Pessoa, Telefone) VALUES ('630.381.717-35', '+5581965490004');
INSERT INTO Telefone_Pessoa (CPF_Pessoa, Telefone) VALUES ('777.075.972-22', '+5581999990005');
INSERT INTO Telefone_Pessoa (CPF_Pessoa, Telefone) VALUES ('243.171.839-51', '+5581997890006');
INSERT INTO Telefone_Pessoa (CPF_Pessoa, Telefone) VALUES ('982.324.431-62', '+5581999990007');
INSERT INTO Telefone_Pessoa (CPF_Pessoa, Telefone) VALUES ('749.216.564-10', '+5581992290008');
INSERT INTO Telefone_Pessoa (CPF_Pessoa, Telefone) VALUES ('521.432.323-23', '+5581999780009');
INSERT INTO Telefone_Pessoa (CPF_Pessoa, Telefone) VALUES ('809.860.456-03', '+5581989990010');
INSERT INTO Telefone_Pessoa (CPF_Pessoa, Telefone) VALUES ('094.124.341-54', '+5581999995011');
INSERT INTO Telefone_Pessoa (CPF_Pessoa, Telefone) VALUES ('187.087.203-86', '+5581999965012');
INSERT INTO Telefone_Pessoa (CPF_Pessoa, Telefone) VALUES ('187.087.203-86', '+5581999220013');
INSERT INTO Telefone_Pessoa (CPF_Pessoa, Telefone) VALUES ('684.425.069-16', '+5581999450014');
INSERT INTO Telefone_Pessoa (CPF_Pessoa, Telefone) VALUES ('707.328.369-62', '+5581988990015');
INSERT INTO Telefone_Pessoa (CPF_Pessoa, Telefone) VALUES ('412.405.948-91', '+5581999987016');
INSERT INTO Telefone_Pessoa (CPF_Pessoa, Telefone) VALUES ('216.309.588-46', '+5581999990287');
INSERT INTO Telefone_Pessoa (CPF_Pessoa, Telefone) VALUES ('468.654.623-49', '+5581998990018');
INSERT INTO Telefone_Pessoa (CPF_Pessoa, Telefone) VALUES ('051.537.857-60', '+5581999550019');
INSERT INTO Telefone_Pessoa (CPF_Pessoa, Telefone) VALUES ('376.566.073-52', '+5581999990020');
INSERT INTO Telefone_Pessoa (CPF_Pessoa, Telefone) VALUES ('834.359.797-88', '+5581999990021');
INSERT INTO Telefone_Pessoa (CPF_Pessoa, Telefone) VALUES ('834.359.797-88', '+5581999990022');
INSERT INTO Telefone_Pessoa (CPF_Pessoa, Telefone) VALUES ('883.500.855-67', '+5581999990023');
INSERT INTO Telefone_Pessoa (CPF_Pessoa, Telefone) VALUES ('399.254.316-11', '+5581999990024');
INSERT INTO Telefone_Pessoa (CPF_Pessoa, Telefone) VALUES ('813.216.662-91', '+5581999990025');
INSERT INTO Telefone_Pessoa (CPF_Pessoa, Telefone) VALUES ('014.553.213-62', '+5581999990026');
INSERT INTO Telefone_Pessoa (CPF_Pessoa, Telefone) VALUES ('833.890.179-29', '+5581999990027');
INSERT INTO Telefone_Pessoa (CPF_Pessoa, Telefone) VALUES ('259.733.177-28', '+5581999990028');
INSERT INTO Telefone_Pessoa (CPF_Pessoa, Telefone) VALUES ('590.149.747-98', '+5581999990029');
INSERT INTO Telefone_Pessoa (CPF_Pessoa, Telefone) VALUES ('155.312.727-06', '+5581999990030');
INSERT INTO Telefone_Pessoa (CPF_Pessoa, Telefone) VALUES ('210.103.866-27', '+5581999990031');
INSERT INTO Telefone_Pessoa (CPF_Pessoa, Telefone) VALUES ('414.723.445-27', '+5581999990032');
INSERT INTO Telefone_Pessoa (CPF_Pessoa, Telefone) VALUES ('443.154.732-92', '+5581999990033');
INSERT INTO Telefone_Pessoa (CPF_Pessoa, Telefone) VALUES ('443.154.732-92', '+5581999990034');
INSERT INTO Telefone_Pessoa (CPF_Pessoa, Telefone) VALUES ('468.511.942-29', '+5581999990035');
INSERT INTO Telefone_Pessoa (CPF_Pessoa, Telefone) VALUES ('759.072.407-52', '+5581999990036');
INSERT INTO Telefone_Pessoa (CPF_Pessoa, Telefone) VALUES ('896.430.231-25', '+5581999990037');
INSERT INTO Telefone_Pessoa (CPF_Pessoa, Telefone) VALUES ('828.645.635-81', '+5581999990038');

-- Paciente
INSERT INTO Paciente (CPF_Paciente) VALUES ('684.425.069-16');
INSERT INTO Paciente (CPF_Paciente) VALUES ('707.328.369-62');
INSERT INTO Paciente (CPF_Paciente) VALUES ('412.405.948-91');
INSERT INTO Paciente (CPF_Paciente) VALUES ('216.309.588-46');
INSERT INTO Paciente (CPF_Paciente) VALUES ('468.654.623-49');
INSERT INTO Paciente (CPF_Paciente) VALUES ('051.537.857-60');
INSERT INTO Paciente (CPF_Paciente) VALUES ('376.566.073-52');
INSERT INTO Paciente (CPF_Paciente) VALUES ('834.359.797-88');
INSERT INTO Paciente (CPF_Paciente) VALUES ('578.617.779-46');
INSERT INTO Paciente (CPF_Paciente) VALUES ('883.500.855-67');
INSERT INTO Paciente (CPF_Paciente) VALUES ('399.254.316-11' );
INSERT INTO Paciente (CPF_Paciente) VALUES ('813.216.662-91');
INSERT INTO Paciente (CPF_Paciente) VALUES ('014.553.213-62');
INSERT INTO Paciente (CPF_Paciente) VALUES ('833.890.179-29');
INSERT INTO Paciente (CPF_Paciente) VALUES ('259.733.177-28');

--Funcionario
INSERT INTO Funcionario (CPF_Funcionario, Numero_Carteira_trabalho, Data_Admissao, Salario, Supervisor) VALUES ('139.006.615-02', '222.22222.22-2', to_date('12/11/1998', 'DD/MM/YYYY'),1000.00, NULL);
INSERT INTO Funcionario (CPF_Funcionario, Numero_Carteira_trabalho, Data_Admissao, Salario, Supervisor) VALUES ('401.199.529-04', '222.22252.22-2', to_date('12/11/1998', 'DD/MM/YYYY'),1000.00, '139.006.615-02');
INSERT INTO Funcionario (CPF_Funcionario, Numero_Carteira_trabalho, Data_Admissao, Salario, Supervisor) VALUES ('735.502.247-45', '222.25552.22-2', to_date('12/11/1998', 'DD/MM/YYYY'),1000.00, '139.006.615-02');
INSERT INTO Funcionario (CPF_Funcionario, Numero_Carteira_trabalho, Data_Admissao, Salario, Supervisor) VALUES ('531.023.642-25', '222.28252.22-2', to_date('12/11/1998', 'DD/MM/YYYY'),1000.00, '139.006.615-02');
INSERT INTO Funcionario (CPF_Funcionario, Numero_Carteira_trabalho, Data_Admissao, Salario, Supervisor) VALUES ('780.751.016-18', '222.22882.22-2', to_date('12/11/1998', 'DD/MM/YYYY'),1000.00, '139.006.615-02');
INSERT INTO Funcionario (CPF_Funcionario, Numero_Carteira_trabalho, Data_Admissao, Salario, Supervisor) VALUES ('630.381.717-35', '222.22752.22-2', to_date('12/11/1998', 'DD/MM/YYYY'),1000.00, '139.006.615-02');
INSERT INTO Funcionario (CPF_Funcionario, Numero_Carteira_trabalho, Data_Admissao, Salario, Supervisor) VALUES ('777.075.972-22', '222.28452.22-2', to_date('12/11/1998', 'DD/MM/YYYY'),1000.00, '139.006.615-02');
INSERT INTO Funcionario (CPF_Funcionario, Numero_Carteira_trabalho, Data_Admissao, Salario, Supervisor) VALUES ('243.171.839-51', '282.22252.22-2', to_date('12/11/1998', 'DD/MM/YYYY'),1000.00, '139.006.615-02');
INSERT INTO Funcionario (CPF_Funcionario, Numero_Carteira_trabalho, Data_Admissao, Salario, Supervisor) VALUES ('982.324.431-62', '222.22252.22-2', to_date('12/11/1998', 'DD/MM/YYYY'),1000.00, '139.006.615-02');
INSERT INTO Funcionario (CPF_Funcionario, Numero_Carteira_trabalho, Data_Admissao, Salario, Supervisor) VALUES ('749.216.564-10', '229.22252.22-2', to_date('12/11/1998', 'DD/MM/YYYY'),1000.00, '139.006.615-02');
INSERT INTO Funcionario (CPF_Funcionario, Numero_Carteira_trabalho, Data_Admissao, Salario, Supervisor) VALUES ('521.432.323-23', '222.62252.22-2', to_date('12/11/1998', 'DD/MM/YYYY'),1000.00, '139.006.615-02');
INSERT INTO Funcionario (CPF_Funcionario, Numero_Carteira_trabalho, Data_Admissao, Salario, Supervisor) VALUES ('809.860.456-03', '222.62252.22-2', to_date('12/11/1998', 'DD/MM/YYYY'),1000.00, '139.006.615-02');
INSERT INTO Funcionario (CPF_Funcionario, Numero_Carteira_trabalho, Data_Admissao, Salario, Supervisor) VALUES ('094.124.341-54', '221.22252.22-2', to_date('12/11/1998', 'DD/MM/YYYY'),1000.00, '139.006.615-02');
INSERT INTO Funcionario (CPF_Funcionario, Numero_Carteira_trabalho, Data_Admissao, Salario, Supervisor) VALUES ('187.087.203-86', '222.22252.22-0', to_date('12/11/1998', 'DD/MM/YYYY'),1000.00, '139.006.615-02');
INSERT INTO Funcionario (CPF_Funcionario, Numero_Carteira_trabalho, Data_Admissao, Salario, Supervisor) VALUES ('278.082.930-71', '123.22252.22-2', to_date('12/11/1998', 'DD/MM/YYYY'),1000.00, '139.006.615-02');

--Receptor
INSERT INTO Receptor (CPF_Receptor, Certidao_Obito) VALUES ('590.149.747-98', '122440 01 55 2013 4 00049 253 0031808-29');
INSERT INTO Receptor (CPF_Receptor, Certidao_Obito) VALUES ('155.312.727-06', '122440 01 55 2013 4 00012 253 0031808-29');
INSERT INTO Receptor (CPF_Receptor, Certidao_Obito) VALUES ('210.103.866-27', '122440 01 55 2013 4 00078 253 0031808-29');
INSERT INTO Receptor (CPF_Receptor, Certidao_Obito) VALUES ('414.723.445-27', '122440 01 55 2013 4 00074 253 0031808-29');
INSERT INTO Receptor (CPF_Receptor, Certidao_Obito) VALUES ('443.154.732-92', '122440 01 55 2013 4 00068 253 0031808-29');
INSERT INTO Receptor (CPF_Receptor, Certidao_Obito) VALUES ('707.036.032-22', '122440 01 55 2013 4 00055 253 0031808-29');
INSERT INTO Receptor (CPF_Receptor, Certidao_Obito) VALUES ('468.511.942-29', '122440 01 55 2013 4 00010 253 0031808-29');
INSERT INTO Receptor (CPF_Receptor, Certidao_Obito) VALUES ('759.072.407-52', '122440 01 55 2013 4 00088 253 0031808-29');
INSERT INTO Receptor (CPF_Receptor, Certidao_Obito) VALUES ('896.430.231-25', '122440 01 55 2013 4 00001 253 0031808-29');
INSERT INTO Receptor (CPF_Receptor, Certidao_Obito) VALUES ('828.645.635-81', '122440 01 55 2013 4 00022 253 0031808-29');

--Medico Legista
INSERT INTO Medico_Legista (CPF_Medico_Legista, CRM) VALUES ('139.006.615-02', '026464/PE');
INSERT INTO Medico_Legista (CPF_Medico_Legista, CRM) VALUES ('401.199.529-04', '027474/PE');
INSERT INTO Medico_Legista (CPF_Medico_Legista, CRM) VALUES ('735.502.247-45', '022424/PE');
INSERT INTO Medico_Legista (CPF_Medico_Legista, CRM) VALUES ('531.023.642-25', '028484/PE');
INSERT INTO Medico_Legista (CPF_Medico_Legista, CRM) VALUES ('780.751.016-18', '020404/PE');


--Perito Criminal
INSERT INTO Perito_Criminal (CPF_Perito) VALUES ('630.381.717-35');
INSERT INTO Perito_Criminal (CPF_Perito) VALUES ('777.075.972-22');
INSERT INTO Perito_Criminal (CPF_Perito) VALUES ('243.171.839-51');
INSERT INTO Perito_Criminal (CPF_Perito) VALUES ('982.324.431-62');
INSERT INTO Perito_Criminal (CPF_Perito) VALUES ('749.216.564-10');

--Auxiliar Administrativo
INSERT INTO Auxiliar (CPF_Auxiliar) VALUES ('521.432.323-23');
INSERT INTO Auxiliar (CPF_Auxiliar) VALUES ('809.860.456-03');
INSERT INTO Auxiliar (CPF_Auxiliar) VALUES ('094.124.341-54');
INSERT INTO Auxiliar (CPF_Auxiliar) VALUES ('187.087.203-86');
INSERT INTO Auxiliar (CPF_Auxiliar) VALUES ('278.082.930-71');

--Corpo
INSERT INTO Corpo (ID, Nome, Data_Morte, CPF_Auxiliar, Gaveta) VALUES (001, 'Danilo Freitas', to_date('20/10/2017','DD/MM/YYYY'), '521.432.323-23', 001);
INSERT INTO Corpo (ID, Nome, Data_Morte, CPF_Auxiliar, Gaveta) VALUES (002, 'Danilo Frota', to_date('20/10/2017','DD/MM/YYYY'), '521.432.323-23', 002);
INSERT INTO Corpo (ID, Nome, Data_Morte, CPF_Auxiliar, Gaveta) VALUES (003, 'Danilo Fritas', to_date('20/10/2017','DD/MM/YYYY'), '521.432.323-23', 003);
INSERT INTO Corpo (ID, Nome, Data_Morte, CPF_Auxiliar, Gaveta) VALUES (004, 'Danilo Frodo', to_date('20/10/2017','DD/MM/YYYY'), '521.432.323-23', 004);
INSERT INTO Corpo (ID, Nome, Data_Morte, CPF_Auxiliar, Gaveta) VALUES (005, 'Danilo Fritz', to_date('20/10/2017','DD/MM/YYYY'), '521.432.323-23', 006);
INSERT INTO Corpo (ID, Nome, Data_Morte, CPF_Auxiliar, Gaveta) VALUES (006, 'Danilo Birl', to_date('20/10/2017','DD/MM/YYYY'), '521.432.323-23', 005);
INSERT INTO Corpo (ID, Nome, Data_Morte, CPF_Auxiliar, Gaveta) VALUES (007, 'Danilo Cartolina', to_date('20/10/2017','DD/MM/YYYY'), '521.432.323-23', 007);
INSERT INTO Corpo (ID, Nome, Data_Morte, CPF_Auxiliar, Gaveta) VALUES (008, 'Danila Freitas', to_date('20/10/2017','DD/MM/YYYY'), '521.432.323-23', 008);
INSERT INTO Corpo (ID, Nome, Data_Morte, CPF_Auxiliar, Gaveta) VALUES (009, 'Danilito Freitito', to_date('20/10/2017','DD/MM/YYYY'), '521.432.323-23', 009);
INSERT INTO Corpo (ID, Nome, Data_Morte, CPF_Auxiliar, Gaveta) VALUES (010, 'Dani Boi', to_date('20/10/2017','DD/MM/YYYY'), '521.432.323-23', 159);
INSERT INTO Corpo (ID, Nome, Data_Morte, CPF_Auxiliar, Gaveta) VALUES (011, 'Denele Freetes', to_date('20/10/2017','DD/MM/YYYY'), '521.432.323-23', 011);
INSERT INTO Corpo (ID, Nome, Data_Morte, CPF_Auxiliar, Gaveta) VALUES (012, 'Freitas Danilo', to_date('20/10/2017','DD/MM/YYYY'), '521.432.323-23', 012);
INSERT INTO Corpo (ID, Nome, Data_Morte, CPF_Auxiliar, Gaveta) VALUES (013, 'João das Neves', to_date('20/10/2017','DD/MM/YYYY'), '521.432.323-23', 013);
INSERT INTO Corpo (ID, Nome, Data_Morte, CPF_Auxiliar, Gaveta) VALUES (014, 'Mário Irmão', to_date('20/10/2017','DD/MM/YYYY'), '521.432.323-23', 014);
INSERT INTO Corpo (ID, Nome, Data_Morte, CPF_Auxiliar, Gaveta) VALUES (015, 'Lula Filho do Brasil', to_date('20/10/2017','DD/MM/YYYY'), '521.432.323-23', 016);
INSERT INTO Corpo (ID, Nome, Data_Morte, CPF_Auxiliar, Gaveta) VALUES (016, 'Gisbriela Princesa', to_date('20/10/2017','DD/MM/YYYY'), '521.432.323-23', 015);
INSERT INTO Corpo (ID, Nome, Data_Morte, CPF_Auxiliar, Gaveta) VALUES (017, 'Marcos Relâmpago', to_date('20/10/2017','DD/MM/YYYY'), '521.432.323-23', 017);
INSERT INTO Corpo (ID, Nome, Data_Morte, CPF_Auxiliar, Gaveta) VALUES (018, 'Antônio Falcão', to_date('20/10/2017','DD/MM/YYYY'), '521.432.323-23', 018);
INSERT INTO Corpo (ID, Nome, Data_Morte, CPF_Auxiliar, Gaveta) VALUES (019, 'ET Bilu', to_date('20/10/2017','DD/MM/YYYY'), '521.432.323-23', 019);
INSERT INTO Corpo (ID, Nome, Data_Morte, CPF_Auxiliar, Gaveta) VALUES (020, 'Cirilo', to_date('20/10/2017','DD/MM/YYYY'), '521.432.323-23', 199);

--Documentos Corpo
INSERT INTO Documentos_Corpo (ID_Corpo, Tipo, Valor) VALUES (001, 'CPF', '531.602.084-78');
INSERT INTO Documentos_Corpo (ID_Corpo, Tipo, Valor) VALUES (002, 'CNH', '3793791890-2');
INSERT INTO Documentos_Corpo (ID_Corpo, Tipo, Valor) VALUES (003, 'RG', '18.293.208-4');
INSERT INTO Documentos_Corpo (ID_Corpo, Tipo, Valor) VALUES (004, 'Título de Eleitor', '581341780833');
INSERT INTO Documentos_Corpo (ID_Corpo, Tipo, Valor) VALUES (005, 'Crachá do CIn', '11852269405');

--Laudos
INSERT INTO Laudo (ID, Descricao) VALUES (01, 'Morreu de cancer');
INSERT INTO Laudo (ID, Descricao) VALUES (02, 'Morreu pq perdeu a cartolina');
INSERT INTO Laudo (ID, Descricao) VALUES (03, 'Morreu trabalhando mto');
INSERT INTO Laudo (ID, Descricao) VALUES (04, 'Morreu do nada');
INSERT INTO Laudo (ID, Descricao) VALUES (05, 'Morreu feliz(brinks, tava depressivo)');
INSERT INTO Laudo (ID, Descricao) VALUES (06, 'Nasceu morrendo');
INSERT INTO Laudo (ID, Descricao) VALUES (07, 'Morreu pq faltou a faculdade');
INSERT INTO Laudo (ID, Descricao) VALUES (08, 'Tá morto');
INSERT INTO Laudo (ID, Descricao) VALUES (09, 'Morreu atropelado por um patinete');
INSERT INTO Laudo (ID, Descricao) VALUES (10, 'Sei não como morreu, mas chegou morto aqui');
INSERT INTO Laudo (ID, Descricao) VALUES (11, 'Quebrou o braço direito');
INSERT INTO Laudo (ID, Descricao) VALUES (12, 'Quebrou o braço esquerdo');
INSERT INTO Laudo (ID, Descricao) VALUES (13, 'Quebrou os dois braços');
INSERT INTO Laudo (ID, Descricao) VALUES (14, 'Quebrou os dois braços e a perna direita');
INSERT INTO Laudo (ID, Descricao) VALUES (15, 'Quebrou os dois braços e a perna esquerda');
INSERT INTO Laudo (ID, Descricao) VALUES (16, 'Quebrou os dois braços e as duas pernas');
INSERT INTO Laudo (ID, Descricao) VALUES (17, 'Levou um peteleco no pescoço que causou uma hemorragia interna');
INSERT INTO Laudo (ID, Descricao) VALUES (18, 'Levou um socão');
INSERT INTO Laudo (ID, Descricao) VALUES (19, 'Caiu da escada e foi atropelado por um caminhão');
INSERT INTO Laudo (ID, Descricao) VALUES (20, 'Não caiu de nenhuma escada, mas mesmo assim foi atropelado por um caminhão');
INSERT INTO Laudo (ID, Descricao) VALUES (269, 'Estava dirigindo um caminhão e atropelou duas pessoas, se lesionando no processo pq tava sem cinto de segurança');
INSERT INTO Laudo (ID, Descricao) VALUES (78967, 'Fraturou a tíbia');
INSERT INTO Laudo (ID, Descricao) VALUES (48978867, 'Fraturou um osso enquanto jogava Tibia');
INSERT INTO Laudo (ID, Descricao) VALUES (456, 'Levou uma voadora de dois pés');
INSERT INTO Laudo (ID, Descricao) VALUES (25, 'Encontrou a cartolina perdida e teve uma lesão no rim esquerdo');

--Laudo Autópsia
INSERT INTO Laudo_A (ID_Laudo, ID_Corpo, CPF_Medico) VALUES (01, 001, '139.006.615-02');
INSERT INTO Laudo_A (ID_Laudo, ID_Corpo, CPF_Medico) VALUES (02, 002, '139.006.615-02');
INSERT INTO Laudo_A (ID_Laudo, ID_Corpo, CPF_Medico) VALUES (03, 003, '139.006.615-02');
INSERT INTO Laudo_A (ID_Laudo, ID_Corpo, CPF_Medico) VALUES (04, 004, '139.006.615-02');
INSERT INTO Laudo_A (ID_Laudo, ID_Corpo, CPF_Medico) VALUES (05, 005, '139.006.615-02');
INSERT INTO Laudo_A (ID_Laudo, ID_Corpo, CPF_Medico) VALUES (06, 006, '139.006.615-02');
INSERT INTO Laudo_A (ID_Laudo, ID_Corpo, CPF_Medico) VALUES (07, 007, '139.006.615-02');
INSERT INTO Laudo_A (ID_Laudo, ID_Corpo, CPF_Medico) VALUES (08, 008, '139.006.615-02');
INSERT INTO Laudo_A (ID_Laudo, ID_Corpo, CPF_Medico) VALUES (09, 009, '139.006.615-02');
INSERT INTO Laudo_A (ID_Laudo, ID_Corpo, CPF_Medico) VALUES (10, 010, '139.006.615-02');

--Laudo Lesão
INSERT INTO Laudo_L (ID_Laudo, CPF_Paciente, CPF_Medico) VALUES (11, '468.654.623-49', '139.006.615-02');
INSERT INTO Laudo_L (ID_Laudo, CPF_Paciente, CPF_Medico) VALUES (12, '468.654.623-49', '139.006.615-02');
INSERT INTO Laudo_L (ID_Laudo, CPF_Paciente, CPF_Medico) VALUES (13, '468.654.623-49', '139.006.615-02');
INSERT INTO Laudo_L (ID_Laudo, CPF_Paciente, CPF_Medico) VALUES (14, '468.654.623-49', '139.006.615-02');
INSERT INTO Laudo_L (ID_Laudo, CPF_Paciente, CPF_Medico) VALUES (15, '468.654.623-49', '139.006.615-02');
INSERT INTO Laudo_L (ID_Laudo, CPF_Paciente, CPF_Medico) VALUES (16, '468.654.623-49', '139.006.615-02');
INSERT INTO Laudo_L (ID_Laudo, CPF_Paciente, CPF_Medico) VALUES (17, '468.654.623-49', '139.006.615-02');
INSERT INTO Laudo_L (ID_Laudo, CPF_Paciente, CPF_Medico) VALUES (18, '468.654.623-49', '139.006.615-02');
INSERT INTO Laudo_L (ID_Laudo, CPF_Paciente, CPF_Medico) VALUES (19, '468.654.623-49', '139.006.615-02');
INSERT INTO Laudo_L (ID_Laudo, CPF_Paciente, CPF_Medico) VALUES (20, '468.654.623-49', '139.006.615-02');
INSERT INTO Laudo_L (ID_Laudo, CPF_Paciente, CPF_Medico) VALUES (269, '468.654.623-49', '139.006.615-02');
INSERT INTO Laudo_L (ID_Laudo, CPF_Paciente, CPF_Medico) VALUES (78967, '468.654.623-49', '139.006.615-02');
INSERT INTO Laudo_L (ID_Laudo, CPF_Paciente, CPF_Medico) VALUES (48978867, '468.654.623-49', '139.006.615-02');
INSERT INTO Laudo_L (ID_Laudo, CPF_Paciente, CPF_Medico) VALUES (456, '468.654.623-49', '139.006.615-02');
INSERT INTO Laudo_L (ID_Laudo, CPF_Paciente, CPF_Medico) VALUES (25, '468.654.623-49', '139.006.615-02');

--Material de Análise
INSERT INTO Material_Analise (ID, Tipo, Descricao, Perito_Criminal) VALUES (01, 'Rim', 'Rim encontrado na cena do crime dentro de um saco de salgadinho', '777.075.972-22');
INSERT INTO Material_Analise (ID, Tipo, Descricao, Perito_Criminal) VALUES (02, 'Pedaço de Cérebro', 'Encontrado próximo à cena do crime, rodeado por fezes de cães', '777.075.972-22');
INSERT INTO Material_Analise (ID, Tipo, Descricao, Perito_Criminal) VALUES (03, 'Cartolina', 'Encontrada em um diretório acadêmico próximo à cena do crime', '777.075.972-22');
INSERT INTO Material_Analise (ID, Tipo, Descricao, Perito_Criminal) VALUES (04, 'Cachorro', 'Mascote do suspeito, levou um tiro na cabeça', '777.075.972-22');
INSERT INTO Material_Analise (ID, Tipo, Descricao, Perito_Criminal) VALUES (05, 'Dedo Decepado', 'Ninguém sabe de quem é esse dedo', '777.075.972-22');
INSERT INTO Material_Analise (ID, Tipo, Descricao, Perito_Criminal) VALUES (06, 'Evidência', 'Uma evidência do crime', '777.075.972-22');
INSERT INTO Material_Analise (ID, Tipo, Descricao, Perito_Criminal) VALUES (07, 'Corda', 'Possivelmente usada para enforcamento', '777.075.972-22');
INSERT INTO Material_Analise (ID, Tipo, Descricao, Perito_Criminal) VALUES (08, 'Jabuti Dourado', 'Não se sabe de onde veio, mas estava caminhando sobre a vítima quando os policiais chegaram ao local', '777.075.972-22');
INSERT INTO Material_Analise (ID, Tipo, Descricao, Perito_Criminal) VALUES (09, 'Papel Com Sangue', 'Um papel misterioso encontrado com um dos suspeitos', '777.075.972-22');
INSERT INTO Material_Analise (ID, Tipo, Descricao, Perito_Criminal) VALUES (10, 'Tablet', 'Aparelho eletrônico pertencente à vítima, em seu histórico de uso apenas se encontram vídeos nomeados yee.mp4', '777.075.972-22');
INSERT INTO Material_Analise (ID, Tipo, Descricao, Perito_Criminal) VALUES (11, 'Carne Moída', 'Não se sabe ao certo, mas pode ser o braço decepado de alguém', '777.075.972-22');
INSERT INTO Material_Analise (ID, Tipo, Descricao, Perito_Criminal) VALUES (12, 'Aliança', 'Encontrada com o dedo decepado', '777.075.972-22');
INSERT INTO Material_Analise (ID, Tipo, Descricao, Perito_Criminal) VALUES (13, 'Banana', 'Possivelmente indica que o assassino era um macaco', '777.075.972-22');
INSERT INTO Material_Analise (ID, Tipo, Descricao, Perito_Criminal) VALUES (14, 'Bala de Menta', 'Comprova a teoria de que a vítima tinha bom hálito', '777.075.972-22');
INSERT INTO Material_Analise (ID, Tipo, Descricao, Perito_Criminal) VALUES (15, 'Outra Cartolina', 'Aparentemente a vítima perdia a cartolina muito constantemente', '777.075.972-22');

--Delegacia
INSERT INTO Delegacia (ID, Nome) VALUES (51, 'Delegacia Feliz');
INSERT INTO Delegacia (ID, Nome) VALUES (52, 'Delegacia do Delegado Trufão');
INSERT INTO Delegacia (ID, Nome) VALUES (53, 'Delegacia Jerimum');
INSERT INTO Delegacia (ID, Nome) VALUES (54, 'Delegacia Kirigiri');
INSERT INTO Delegacia (ID, Nome) VALUES (55, 'Delegacia Bolada');

--Telefone Delegacia
INSERT INTO Telefone_Delegacia (ID, Telefone) VALUES (51, '(81) 3426-9024');
INSERT INTO Telefone_Delegacia (ID, Telefone) VALUES (51, '(81) 3184-3339');
INSERT INTO Telefone_Delegacia (ID, Telefone) VALUES (52, '(81) 3184-3352');
INSERT INTO Telefone_Delegacia (ID, Telefone) VALUES (52, '(81) 3184-3422');
INSERT INTO Telefone_Delegacia (ID, Telefone) VALUES (53, '(81) 3184-3769');
INSERT INTO Telefone_Delegacia (ID, Telefone) VALUES (53, '(81) 3184-3426');
INSERT INTO Telefone_Delegacia (ID, Telefone) VALUES (54, '(81) 3224-1704');
INSERT INTO Telefone_Delegacia (ID, Telefone) VALUES (54, '(81) 3184-3576');
INSERT INTO Telefone_Delegacia (ID, Telefone) VALUES (55, '(81) 3797-4006');
INSERT INTO Telefone_Delegacia (ID, Telefone) VALUES (55, '(81) 3181-1304');

--Email Delegacia
INSERT INTO Email_Delegacia (ID, Email) VALUES (51, 'delegacia@delegacia.com');
INSERT INTO Email_Delegacia (ID, Email) VALUES (51, 'delegado@delegacia.com');
INSERT INTO Email_Delegacia (ID, Email) VALUES (52, 'trufao@delegacia.com');
INSERT INTO Email_Delegacia (ID, Email) VALUES (52, 'mano@delegacia.com');
INSERT INTO Email_Delegacia (ID, Email) VALUES (53, 'jefferson@delegacia.com');
INSERT INTO Email_Delegacia (ID, Email) VALUES (53, 'boydacartolina@delegacia.com');
INSERT INTO Email_Delegacia (ID, Email) VALUES (54, 'saojoao@delegacia.com');
INSERT INTO Email_Delegacia (ID, Email) VALUES (54, 'cachorro@delegacia.com');
INSERT INTO Email_Delegacia (ID, Email) VALUES (55, 'bolado@delegacia.com');
INSERT INTO Email_Delegacia (ID, Email) VALUES (55, 'asterix@delegacia.com');

--Endereço Delegacia
INSERT INTO Endereco_Delegacia (ID, CEP, Cidade, Estado, Pais, Bairro, Rua, Numero, Complemento) VALUES (51, '52050-040', 'Recife', 'Pernambuco', 'Brasil', 'Encruzilhada', 'Teles Júnior', 65, NULL);
INSERT INTO Endereco_Delegacia (ID, CEP, Cidade, Estado, Pais, Bairro, Rua, Numero, Complemento) VALUES (52, '52050-040', 'Recife', 'Pernambuco', 'Brasil', 'Encruzilhada', 'Teles Júnior', 70, NULL);
INSERT INTO Endereco_Delegacia (ID, CEP, Cidade, Estado, Pais, Bairro, Rua, Numero, Complemento) VALUES (53, '52050-040', 'Recife', 'Pernambuco', 'Brasil', 'Encruzilhada', 'Teles Júnior', 75, NULL);
INSERT INTO Endereco_Delegacia (ID, CEP, Cidade, Estado, Pais, Bairro, Rua, Numero, Complemento) VALUES (54, '52050-040', 'Recife', 'Pernambuco', 'Brasil', 'Encruzilhada', 'Teles Júnior', 80, NULL);
INSERT INTO Endereco_Delegacia (ID, CEP, Cidade, Estado, Pais, Bairro, Rua, Numero, Complemento) VALUES (55, '52050-040', 'Recife', 'Pernambuco', 'Brasil', 'Encruzilhada', 'Teles Júnior', 99, NULL);

--Recebe
INSERT INTO Recebe (ID_Corpo, CPF_Auxiliar, ID_Delegacia, Data) VALUES (001, '521.432.323-23', 51, to_date('21/10/2017', 'DD/MM/YYYY'));
INSERT INTO Recebe (ID_Corpo, CPF_Auxiliar, ID_Delegacia, Data) VALUES (002, '521.432.323-23', 51, to_date('21/10/2017', 'DD/MM/YYYY'));
INSERT INTO Recebe (ID_Corpo, CPF_Auxiliar, ID_Delegacia, Data) VALUES (003, '521.432.323-23', 52, to_date('21/10/2017', 'DD/MM/YYYY'));
INSERT INTO Recebe (ID_Corpo, CPF_Auxiliar, ID_Delegacia, Data) VALUES (004, '521.432.323-23', 52, to_date('21/10/2017', 'DD/MM/YYYY'));
INSERT INTO Recebe (ID_Corpo, CPF_Auxiliar, ID_Delegacia, Data) VALUES (005, '521.432.323-23', 53, to_date('21/10/2017', 'DD/MM/YYYY'));
INSERT INTO Recebe (ID_Corpo, CPF_Auxiliar, ID_Delegacia, Data) VALUES (006, '521.432.323-23', 53, to_date('21/10/2017', 'DD/MM/YYYY'));
INSERT INTO Recebe (ID_Corpo, CPF_Auxiliar, ID_Delegacia, Data) VALUES (007, '521.432.323-23', 54, to_date('21/10/2017', 'DD/MM/YYYY'));
INSERT INTO Recebe (ID_Corpo, CPF_Auxiliar, ID_Delegacia, Data) VALUES (008, '521.432.323-23', 54, to_date('21/10/2017', 'DD/MM/YYYY'));
INSERT INTO Recebe (ID_Corpo, CPF_Auxiliar, ID_Delegacia, Data) VALUES (009, '521.432.323-23', 55, to_date('21/10/2017', 'DD/MM/YYYY'));
INSERT INTO Recebe (ID_Corpo, CPF_Auxiliar, ID_Delegacia, Data) VALUES (010, '521.432.323-23', 55, to_date('21/10/2017', 'DD/MM/YYYY'));
INSERT INTO Recebe (ID_Corpo, CPF_Auxiliar, ID_Delegacia, Data) VALUES (011, '521.432.323-23', 55, to_date('25/10/2017', 'DD/MM/YYYY'));
INSERT INTO Recebe (ID_Corpo, CPF_Auxiliar, ID_Delegacia, Data) VALUES (012, '521.432.323-23', 55, to_date('25/10/2017', 'DD/MM/YYYY'));
INSERT INTO Recebe (ID_Corpo, CPF_Auxiliar, ID_Delegacia, Data) VALUES (013, '521.432.323-23', 54, to_date('25/10/2017', 'DD/MM/YYYY'));
INSERT INTO Recebe (ID_Corpo, CPF_Auxiliar, ID_Delegacia, Data) VALUES (014, '521.432.323-23', 54, to_date('25/10/2017', 'DD/MM/YYYY'));
INSERT INTO Recebe (ID_Corpo, CPF_Auxiliar, ID_Delegacia, Data) VALUES (015, '521.432.323-23', 53, to_date('25/10/2017', 'DD/MM/YYYY'));
INSERT INTO Recebe (ID_Corpo, CPF_Auxiliar, ID_Delegacia, Data) VALUES (016, '521.432.323-23', 53, to_date('25/10/2017', 'DD/MM/YYYY'));
INSERT INTO Recebe (ID_Corpo, CPF_Auxiliar, ID_Delegacia, Data) VALUES (017, '521.432.323-23', 52, to_date('25/10/2017', 'DD/MM/YYYY'));
INSERT INTO Recebe (ID_Corpo, CPF_Auxiliar, ID_Delegacia, Data) VALUES (018, '521.432.323-23', 52, to_date('25/10/2017', 'DD/MM/YYYY'));
INSERT INTO Recebe (ID_Corpo, CPF_Auxiliar, ID_Delegacia, Data) VALUES (019, '521.432.323-23', 51, to_date('25/10/2017', 'DD/MM/YYYY'));
INSERT INTO Recebe (ID_Corpo, CPF_Auxiliar, ID_Delegacia, Data) VALUES (020, '521.432.323-23', 51, to_date('25/10/2017', 'DD/MM/YYYY'));

--Libera
INSERT INTO Libera (ID_Corpo, CPF_Auxiliar, CPF_Receptor, Data) VALUES (1, '809.860.456-03', '590.149.747-98', to_date('25/10/2017', 'DD/MM/YYYY'));
INSERT INTO Libera (ID_Corpo, CPF_Auxiliar, CPF_Receptor, Data) VALUES (2, '809.860.456-03', '590.149.747-98', to_date('25/10/2017', 'DD/MM/YYYY'));
INSERT INTO Libera (ID_Corpo, CPF_Auxiliar, CPF_Receptor, Data) VALUES (3, '809.860.456-03', '210.103.866-27', to_date('25/10/2017', 'DD/MM/YYYY'));
INSERT INTO Libera (ID_Corpo, CPF_Auxiliar, CPF_Receptor, Data) VALUES (4, '809.860.456-03', '414.723.445-27', to_date('25/10/2017', 'DD/MM/YYYY'));
INSERT INTO Libera (ID_Corpo, CPF_Auxiliar, CPF_Receptor, Data) VALUES (5, '809.860.456-03', '443.154.732-92', to_date('25/10/2017', 'DD/MM/YYYY'));
INSERT INTO Libera (ID_Corpo, CPF_Auxiliar, CPF_Receptor, Data) VALUES (6, '809.860.456-03', '707.036.032-22', to_date('25/10/2017', 'DD/MM/YYYY'));
INSERT INTO Libera (ID_Corpo, CPF_Auxiliar, CPF_Receptor, Data) VALUES (7, '809.860.456-03', '468.511.942-29', to_date('25/10/2017', 'DD/MM/YYYY'));
INSERT INTO Libera (ID_Corpo, CPF_Auxiliar, CPF_Receptor, Data) VALUES (8, '809.860.456-03', '759.072.407-52', to_date('25/10/2017', 'DD/MM/YYYY'));
INSERT INTO Libera (ID_Corpo, CPF_Auxiliar, CPF_Receptor, Data) VALUES (9, '809.860.456-03', '896.430.231-25', to_date('25/10/2017', 'DD/MM/YYYY'));
INSERT INTO Libera (ID_Corpo, CPF_Auxiliar, CPF_Receptor, Data) VALUES (10, '809.860.456-03', '828.645.635-81', to_date('25/10/2017', 'DD/MM/YYYY'));
INSERT INTO Libera (ID_Corpo, CPF_Auxiliar, CPF_Receptor, Data) VALUES (11, '809.860.456-03', '828.645.635-81', to_date('25/10/2017', 'DD/MM/YYYY'));
INSERT INTO Libera (ID_Corpo, CPF_Auxiliar, CPF_Receptor, Data) VALUES (12, '809.860.456-03', '896.430.231-25', to_date('25/10/2017', 'DD/MM/YYYY'));
INSERT INTO Libera (ID_Corpo, CPF_Auxiliar, CPF_Receptor, Data) VALUES (13, '809.860.456-03', '759.072.407-52', to_date('25/10/2017', 'DD/MM/YYYY'));
INSERT INTO Libera (ID_Corpo, CPF_Auxiliar, CPF_Receptor, Data) VALUES (14, '809.860.456-03', '468.511.942-29', to_date('25/10/2017', 'DD/MM/YYYY'));
INSERT INTO Libera (ID_Corpo, CPF_Auxiliar, CPF_Receptor, Data) VALUES (15, '809.860.456-03', '707.036.032-22', to_date('25/10/2017', 'DD/MM/YYYY'));
INSERT INTO Libera (ID_Corpo, CPF_Auxiliar, CPF_Receptor, Data) VALUES (16, '809.860.456-03', '443.154.732-92', to_date('25/10/2017', 'DD/MM/YYYY'));
INSERT INTO Libera (ID_Corpo, CPF_Auxiliar, CPF_Receptor, Data) VALUES (17, '809.860.456-03', '414.723.445-27', to_date('25/10/2017', 'DD/MM/YYYY'));
INSERT INTO Libera (ID_Corpo, CPF_Auxiliar, CPF_Receptor, Data) VALUES (18, '809.860.456-03', '210.103.866-27', to_date('25/10/2017', 'DD/MM/YYYY'));
INSERT INTO Libera (ID_Corpo, CPF_Auxiliar, CPF_Receptor, Data) VALUES (19, '809.860.456-03', '155.312.727-06', to_date('25/10/2017', 'DD/MM/YYYY'));
INSERT INTO Libera (ID_Corpo, CPF_Auxiliar, CPF_Receptor, Data) VALUES (20, '809.860.456-03', '590.149.747-98', to_date('25/10/2017', 'DD/MM/YYYY'));


--Examina
INSERT INTO Examina (ID_Laudo_L, CPF_Paciente, CPF_Medico, Tipo_Exame, Data) VALUES (018, '468.654.623-49', '139.006.615-02', 'Exame médico', to_date('29/10/2017', 'DD/MM/YYYY'));
INSERT INTO Examina (ID_Laudo_L, CPF_Paciente, CPF_Medico, Tipo_Exame, Data) VALUES (013, '468.654.623-49', '139.006.615-02', 'Exame médico', to_date('29/10/2017', 'DD/MM/YYYY'));
INSERT INTO Examina (ID_Laudo_L, CPF_Paciente, CPF_Medico, Tipo_Exame, Data) VALUES (016, '468.654.623-49', '139.006.615-02', 'Exame médico', to_date('29/10/2017', 'DD/MM/YYYY'));
INSERT INTO Examina (ID_Laudo_L, CPF_Paciente, CPF_Medico, Tipo_Exame, Data) VALUES (269, '468.654.623-49', '139.006.615-02', 'Exame médico', to_date('02/10/2017', 'DD/MM/YYYY'));
INSERT INTO Examina (ID_Laudo_L, CPF_Paciente, CPF_Medico, Tipo_Exame, Data) VALUES (25, '468.654.623-49', '139.006.615-02', 'Exame médico', to_date('25/10/2017', 'DD/MM/YYYY'));
INSERT INTO Examina (ID_Laudo_L, CPF_Paciente, CPF_Medico, Tipo_Exame, Data) VALUES (456, '468.654.623-49', '139.006.615-02', 'Exame médico', to_date('15/10/2017', 'DD/MM/YYYY'));
INSERT INTO Examina (ID_Laudo_L, CPF_Paciente, CPF_Medico, Tipo_Exame, Data) VALUES (48978867, '468.654.623-49', '139.006.615-02', 'Exame médico', to_date('03/10/2017', 'DD/MM/YYYY'));
INSERT INTO Examina (ID_Laudo_L, CPF_Paciente, CPF_Medico, Tipo_Exame, Data) VALUES (78967, '468.654.623-49', '139.006.615-02', 'Exame médico', to_date('01/10/2017', 'DD/MM/YYYY'));
INSERT INTO Examina (ID_Laudo_L, CPF_Paciente, CPF_Medico, Tipo_Exame, Data) VALUES (011, '468.654.623-49', '139.006.615-02', 'Exame médico', to_date('02/10/2017', 'DD/MM/YYYY'));
INSERT INTO Examina (ID_Laudo_L, CPF_Paciente, CPF_Medico, Tipo_Exame, Data) VALUES (012, '468.654.623-49', '139.006.615-02', 'Exame médico', to_date('29/10/2017', 'DD/MM/YYYY'));
INSERT INTO Examina (ID_Laudo_L, CPF_Paciente, CPF_Medico, Tipo_Exame, Data) VALUES (014, '468.654.623-49', '139.006.615-02', 'Exame médico', to_date('29/10/2017', 'DD/MM/YYYY'));
INSERT INTO Examina (ID_Laudo_L, CPF_Paciente, CPF_Medico, Tipo_Exame, Data) VALUES (015, '468.654.623-49', '139.006.615-02', 'Exame médico', to_date('29/10/2017', 'DD/MM/YYYY'));

--Realiza Autópsia
INSERT INTO Autopsia (ID_Laudo_A, ID_Corpo, CPF_Medico, Data_Autopsia) VALUES (01, 001, '139.006.615-02', to_date('26/10/2017', 'DD/MM/YYYY'));
INSERT INTO Autopsia (ID_Laudo_A, ID_Corpo, CPF_Medico, Data_Autopsia) VALUES (02, 002, '139.006.615-02', to_date('26/10/2017', 'DD/MM/YYYY'));
INSERT INTO Autopsia (ID_Laudo_A, ID_Corpo, CPF_Medico, Data_Autopsia) VALUES (03, 003, '139.006.615-02', to_date('26/10/2017', 'DD/MM/YYYY'));
INSERT INTO Autopsia (ID_Laudo_A, ID_Corpo, CPF_Medico, Data_Autopsia) VALUES (04, 004, '139.006.615-02', to_date('26/10/2017', 'DD/MM/YYYY'));
INSERT INTO Autopsia (ID_Laudo_A, ID_Corpo, CPF_Medico, Data_Autopsia) VALUES (05, 005, '139.006.615-02', to_date('26/10/2017', 'DD/MM/YYYY'));
INSERT INTO Autopsia (ID_Laudo_A, ID_Corpo, CPF_Medico, Data_Autopsia) VALUES (06, 006, '139.006.615-02', to_date('26/10/2017', 'DD/MM/YYYY'));
INSERT INTO Autopsia (ID_Laudo_A, ID_Corpo, CPF_Medico, Data_Autopsia) VALUES (07, 007, '139.006.615-02', to_date('26/10/2017', 'DD/MM/YYYY'));
INSERT INTO Autopsia (ID_Laudo_A, ID_Corpo, CPF_Medico, Data_Autopsia) VALUES (08, 008, '139.006.615-02', to_date('26/10/2017', 'DD/MM/YYYY'));
INSERT INTO Autopsia (ID_Laudo_A, ID_Corpo, CPF_Medico, Data_Autopsia) VALUES (09, 009, '139.006.615-02', to_date('26/10/2017', 'DD/MM/YYYY'));
INSERT INTO Autopsia (ID_Laudo_A, ID_Corpo, CPF_Medico, Data_Autopsia) VALUES (10, 010, '139.006.615-02', to_date('26/10/2017', 'DD/MM/YYYY'));
